cv_metric_AUC,logLoss,AUC,prAUC,Accuracy,Kappa,F1,Sensitivity,Specificity,Pos_Pred_Value,Neg_Pred_Value,Precision,Recall,Detection_Rate,Balanced_Accuracy,method,seed
0.624959740462789,0.692646264672357,0.492105263157895,0.488045468917981,0.512820512820513,0,0.677966101694915,1,0,0.512820512820513,NA,0.512820512820513,1,0.512820512820513,0.5,glmnet,100
0.619241400875547,0.690951670169449,0.623684210526316,0.554133753389098,0.487179487179487,-0.0483870967741934,0.642857142857143,0.9,0.0526315789473684,0.5,0.333333333333333,0.5,0.9,0.461538461538462,0.476315789473684,glmnet,101
