cv_auroc	test_auroc	test_auprc	method	seed
0.599375	0.7	0.26804971015188167	rf	100
0.4840625	0.55	0.16833619780343467	rf	101
0.46825	0.75	0.6146233004318543	rf	102
0.604625	0.6	0.189069783783671	regLogistic	100
0.561	0.45	0.14360193014154576	regLogistic	101
0.556125	0.5	0.1531187194980128	regLogistic	102
