cv_metric_AUC,logLoss,AUC,prAUC,Accuracy,Kappa,F1,Sensitivity,Specificity,Pos_Pred_Value,Neg_Pred_Value,Precision,Recall,Detection_Rate,Balanced_Accuracy,method,seed
0.624959740462789,0.692646264672357,0.492105263157895,0.488045468917981,0.512820512820513,0,0.677966101694915,1,0,0.512820512820513,NaN,0.512820512820513,1,0.512820512820513,0.5,glmnet,100
